<?xml version="1.0" encoding="utf-8" ?>
<manifest identifier="course_kovalev" 
          version="1.0" 
          xmlns="http://www.imsproject.org/xsd/imscp_rootv1p1p2" 
          xmlns:adlcp="http://www.adlnet.org/xsd/adlcp_rootv1p2" 
          xmlns:xsi="http://www.w3.org/2001/XMLSchema-instance">
    <metadata>
        <schema>ADL SCORM</schema>
        <schemaversion>1.2</schemaversion>
    </metadata>
    <organizations default="course_kovalev_organization">
        <organization identifier="course_kovalev_organization">
            <title>Тестовый курс от Ковалева Василия</title>
            <item identifier="course_kovalev_slide_01" 
                  identifierref="course_kovalev_main_page">
                <title>Тестовый урок от Ковалева Василия</title>
            </item>
        </organization>
    </organizations>
    <resources>
        <resource identifier="course_kovalev_main_page" 
                  type="webcontent" 
                  href="index.html" 
                  adlcp:scormtype="sco">
        </resource>
    </resources>
</manifest>